region_complete,lat,long
Bolgheri  ,43.233910,10.616000
Alicante  ,38.344100,-0.480430
Palette  ,43.508910,5.492070
McLaren Vale-Padthaway  ,-36.601120,140.492890
Chianti Colli Pisani  ,-27.775540,-50.302570
Strathbogie Ranges  ,-36.900000,145.750000
Vin de Pays de France  ,43.313440,-0.546840
Wrattonbully  ,-37.168890,140.943720
Bourgogne Vézelay  ,47.463220,3.741920
Napa County-Sonoma County Napa-Sonoma,38.528618,-122.887397
Galluccio  ,41.352150,13.953380
Pouilly-Vinzelles  ,46.279034,4.782399
Famatina Valley  ,32.843960,-85.180930
San Luis Obispo-Sonoma-Monterey California Other,35.283394,-120.658056
Guenoc Valley Mendocino/Lake Counties,32.843960,-85.180930
Coteaux d'Aix-en-Provence  ,43.526380,5.446140
Colli Euganei  ,45.312990,11.674090
Calchaquí Valley  ,-26.000000,-66.000000
Vino Nobile di Montepulciano  ,43.082470,11.780190
Valpolicella Superiore  ,45.548040,10.937060
Valdadige  ,33.888110,35.519350
Savoie  ,45.477614,6.442762
Mount Harlan Central Coast,-33.448202,151.385254
Corbières-Boutenac  ,43.148576,2.793963
Dry Creek Valley Sonoma,30.333330,-110.550000
Irpinia  ,41.000000,15.000000
Corton  ,51.163080,-2.094870
Vin de Pays du Comté Tolosan  ,43.571577,1.443362
Adelaide Plains  ,40.816570,-117.525680
Hautes Cotes de Beaune  ,47.019240,4.835540
Coteaux Varois en Provence  ,18.438330,-72.844440
Civitella d'Agliano  ,42.605810,12.187800
Lambrusco Grasparossa di Castelvetro  ,46.163460,10.045540
Mâcon-Vergisson  ,46.309240,4.716400
La Consulta  ,-33.733650,-69.124210
Rosazzo  ,46.008610,13.421390
Vin Santo del Chianti  ,43.095590,-89.510971
Barbera d'Asti Superiore  ,39.970164,-105.134600
Côtes de Thongue  ,58.476650,-4.418340
Côtes de Bordeaux Francs  ,44.774670,-0.410690
Clos de Vougeot  ,46.490510,2.463140
Montilla-Moriles  ,37.422376,-6.141604
Etna  ,40.501720,-79.945290
Alta Valle della Greve  ,46.251809,7.594177
Langhorne Creek  ,-35.312180,139.128640
Central Ranges  ,17.366670,-62.783330
Margaret River  ,-33.953220,115.073470
Alexander Valley Sonoma,38.656970,-122.794380
Reuilly  ,47.085110,2.040870
Montrachet  ,32.416960,-90.111070
Ribera del Queiles  ,40.426610,-3.688280
Rueda  ,41.411020,-4.959750
Templeton Gap District Central Coast,52.166380,-127.003230
San Antonio Valley Central Coast,29.428395,-98.640620
Rivesaltes Rosé  ,42.770720,2.874000
Vino de la Tierra de Castilla y León  ,41.667250,-4.714030
Cigales  ,41.757920,-4.696050
Tuscany  ,43.450830,11.126187
Columbia Gorge (WA) Washington Other,45.650000,-121.200000
Currency Creek  ,-35.453490,138.761670
Vin de France  ,43.517340,0.985860
Alghero  ,40.558080,8.318630
Criots-Bâtard-Montrachet  ,32.416960,-90.111070
Fitou  ,42.894680,2.983130
Mendocino County Mendocino/Lake Counties,39.307620,-123.798920
Umbria  ,42.963335,12.495426
Tumbarumba  ,-35.777390,148.012480
Beaumes-de-Venise  ,44.121570,5.028650
Alicante-Marina Alta  ,38.790175,0.162640
Griotte-Chambertin  ,46.309110,3.468850
Bardolino Superiore  ,46.721630,-92.103950
Monterey County Central Coast,36.608944,-121.847738
Chapelle-Chambertin  ,43.202282,3.078304
Orcia  ,42.966670,11.350000
Chianti Montespertoli  ,43.644690,11.079460
North Fork of Long Island Long Island,23.153320,-75.086540
Canon-Fronsac  ,44.924130,-0.272820
Idaho  ,44.388995,-114.659447
Minervois La Liviniere  ,43.304791,2.660112
Salice Salentino  ,40.384790,17.966070
Beaujolais-Villages  ,37.282481,-121.750670
Walla Walla Valley (OR) Oregon Other,42.472492,-121.432781
Lake Chelan Columbia Valley,47.847433,-119.968857
Muscadet Sèvre et Maine  ,46.316419,-0.542394
Puisseguin Saint-Émilion  ,44.890070,-0.154730
Bergerac Sec  ,44.852220,0.485730
Sangiovese di Romagna  ,41.537640,2.443590
Pays d'Oc  ,43.604780,1.454080
Coteaux Bourguignons  ,48.132480,4.358840
El Dorado County Sierra Foothills,38.664246,-120.912520
Soave Classico Superiore  ,46.721630,-92.103950
Mâcon La Roche Vineuse  ,46.338350,4.726702
Perdriel  ,-33.075760,-68.885430
Sta. Rita Hills Central Coast,-25.373000,-57.472050
Bellarine Peninsula  ,-38.173920,144.406070
Orvieto Classico Superiore  ,42.717350,12.104580
Isonzo del Friuli  ,45.929599,13.531015
Spain  ,40.227950,-3.646063
Montepulciano d'Abruzzo  ,43.129372,11.827788
Cortona  ,43.273320,11.987990
San Gimignano  ,43.467070,11.040430
Saint-Georges-Saint-Émilion  ,44.885440,-0.156900
Côtes du Lot  ,44.689050,1.914300
Southeastern New England  ,41.639784,-70.925897
Latricières-Chambertin  ,46.309110,3.468850
Mendocino-Sonoma-Amador California Other,39.307620,-123.798920
Beaujolais Rosé  ,46.304540,4.839550
Côtes Catalanes  ,42.666240,2.916810
Vin de Pays des Coteaux de L'Ardeche  ,44.523674,4.305059
Adelaide Hills  ,-34.911180,138.707350
Bâtard-Montrachet  ,32.416960,-90.111070
Saint-Amour  ,46.435230,5.345000
Cadillac Côtes de Bordeaux  ,42.069577,-104.964189
Verdicchio dei Castelli di Jesi Classico Superiore  ,-25.946790,-60.619470
Mediterranée  ,49.873500,8.832360
Friuli  ,46.075280,13.079720
Périgord  ,45.000000,0.500000
Côtes du Luberon  ,57.157590,65.535840
Sant'Antimo  ,40.943010,14.237540
Bardolino Chiaretto  ,-23.432950,-45.070080
Colli Tortonesi  ,42.355160,14.240400
Chaume  ,47.312900,3.027890
Burgundy  ,-33.897300,18.686260
Mâcon-Chardonnay  ,46.302461,4.817289
Tierra Manchuela  ,39.520490,-1.169260
Mâcon  ,32.839940,-83.628020
Valencia  ,39.468940,-0.376860
Barossa-Adelaide Hills  ,-34.911180,138.707350
Savuto  ,39.071910,16.165170
Garda  ,45.572980,10.710390
Rosé de Loire  ,45.490830,4.578920
Aglianico del Taburno  ,41.075330,14.617220
Ile de Beauté  ,5.308670,-4.006040
Clare Valley-Eden Valley  ,36.274950,-115.065290
Rutherford Napa,38.460230,-122.420230
Valpolicella Superiore Ripasso  ,45.548040,10.937060
Chehalem Mountains Willamette Valley,44.638550,-123.082660
Lirac  ,44.037250,4.691170
Valpolicella Ripasso Valpantena  ,45.548040,10.937060
Erice  ,38.029450,12.539100
Santa Barbara County Central Coast,34.888061,-120.380581
Lamezia  ,51.208060,4.389710
Valpolicella Ripasso Valpantena Superiore  ,46.721630,-92.103950
Colli di Salerno  ,33.054369,-96.784026
Corton-Rognet  ,45.795980,3.548610
Breganze  ,45.705900,11.565120
Orange  ,33.787870,-117.850710
Côte Chalonnaise  ,46.769335,4.716126
Côtes de Provence Sainte-Victoire  ,43.441240,5.679310
Terre Siciliane  ,37.727040,12.475720
Fronton  ,43.840160,1.388440
Colli Trevigiani  ,45.735680,12.065860
Rubicone  ,44.155200,12.456080
California California Other,34.127170,-117.334780
Chablis  ,47.815190,3.801230
Saint-Croix-du-Mont  ,44.593030,-0.280550
Ohio  ,40.413057,-82.711215
Bordeaux Côtes de Francs   ,48.900610,2.672440
Prosecco di Conegliano  ,45.890560,12.303260
Montepulciano d'Abruzzo Colline Teramane  ,43.129372,11.827788
Dundee Hills Willamette Valley,42.108895,-88.272397
Pommard  ,47.008080,4.796950
Fara  ,11.422070,-2.709410
Mendocino Mendocino/Lake Counties,39.307620,-123.798920
Crémant de Die  ,44.755530,5.368780
Coteaux du Layon  ,47.330874,-0.672209
Somontano  ,42.033330,-0.333330
Napa  ,38.299110,-122.285410
Coste della Sesia  ,-8.401200,116.214300
Alta Mesa Central Valley,33.261576,-117.085591
Lake Erie North Shore  ,28.859930,-81.684690
Cariñena  ,41.340680,-1.223460
Coteaux du Tricastin  ,44.350000,4.766670
Bolgheri Sassicaia  ,43.233910,10.616000
Loazzolo  ,44.670010,8.257730
Soave  ,45.416880,11.247960
Rosso Piceno Superiore  ,42.952695,13.765380
Vin de Pays des Côtes de Thongue  ,18.666670,105.666670
Barossa  ,-34.650000,138.833330
Marsala  ,37.800040,12.435110
Los Carneros Napa-Sonoma,38.225030,-122.457383
Catalunya  ,41.798510,1.528906
Lambrusco Reggiano  ,44.504230,11.367690
Lake Michigan Shore  ,43.845127,-85.073194
Primitivo del Tarantino  ,40.358345,17.354152
Elkton Oregon Southern Oregon,42.342283,-122.880282
Todi  ,42.778460,12.412120
Grands-Echezeaux  ,46.349680,1.394290
Albana di Romagna  ,44.500000,12.250000
Crémant de Jura  ,46.729403,5.697291
Falerno del Massico  ,41.163930,13.947079
Puget Sound Washington Other,47.833150,-122.434580
Snipes Mountain Columbia Valley,13.369260,-81.369800
Colli Etruria Centrale  ,45.349200,11.676300
Vin Santo di Montepulciano  ,43.098200,11.785320
Vin de Pays du Val de Loire  ,45.378400,4.304715
Knights Valley Sonoma,36.368570,-94.302940
Banyuls  ,-37.733860,145.085760
Listrac-Médoc  ,45.074160,-0.792580
Gavi  ,44.688310,8.806780
North Yuba Sierra Foothills,38.894691,-121.075200
Lugana Superiore  ,45.327110,14.443630
Bonnezeaux  ,47.276620,-0.485490
Friuli Venezia Giulia  ,46.154310,13.052973
Prosecco Superiore di Cartizze  ,45.708010,13.733770
Amador County Sierra Foothills,38.337989,-120.755387
Tulum Valley  ,-31.553940,-68.468080
Pacherenc du Vic Bilh  ,41.933920,2.253210
Beechworth  ,-36.361880,146.683860
Clarksburg Central Valley,38.392625,-121.577357
Valdeorras  ,42.610160,-6.424860
San Rafael  ,-34.617620,-68.325620
Central Victoria  ,20.790520,-87.278900
San Francisco Bay-Livermore Valley Central Coast,37.530884,-121.928182
Biferno Rosso  ,16.499220,-15.809670
Saint-Véran  ,44.113450,5.059540
Alto Adige Valle Isarco  ,46.658330,11.921520
Biferno Bianco  ,38.087310,16.152100
Côtes de Provence La Londe  ,51.533731,-0.096727
Monferrato  ,44.916670,8.083330
Veronese  ,45.191910,11.553940
Cheverny  ,47.499620,1.459800
Montecucco  ,45.616670,10.550000
Apremont  ,46.749580,-1.740330
Marsannay  ,46.552030,5.661830
Quebec  ,46.812730,-71.219300
Bardolino  ,45.550610,10.722270
Monterey-Santa Cruz Central Coast,26.238550,-81.779555
Polk County Oregon Other,44.903535,-123.413252
Malibu-Newton Canyon South Coast,34.080132,-118.804864
Central Coast  ,-33.423740,151.342500
Côte de Nuits-Villages  ,37.949020,-76.604120
Padthaway  ,-36.601120,140.492890
Suisun Valley North Coast,-24.716670,152.283330
Ramona Valley South Coast,33.705043,-117.878268
New Jersey  ,39.613348,-74.728565
Hautes Côtes de Nuits  ,45.184160,2.941590
Mâcon Solutré  ,46.300950,4.817575
Vosne-Romanée  ,47.153560,4.958300
Recioto della Valpolicella Classico  ,23.131920,72.232090
Murray-Darling  ,-33.872815,151.197255
Crozes-Hermitage  ,45.090410,4.846040
Gravina  ,39.606280,16.196810
Orvieto  ,42.717350,12.104580
Prosecco Treviso  ,45.902244,12.100811
Chardonnay di Toscana  ,-29.164720,-51.170300
Faugères  ,44.475290,4.135480
Ribeiro  ,-3.458060,-42.482220
Columbia Valley (OR) Oregon Other,45.940337,-123.090815
Côtes de Nuits Villages  ,39.471593,-88.168083
Brachetto d'Acqui  ,21.981750,-99.011520
Middleburg  ,30.066770,-81.866740
Côtes du Rhône Villages  ,45.521711,4.664137
Mendocino-Solano North Coast,39.406397,-123.355608
Canada  ,60.108670,-113.642580
Adelaide  ,-34.925850,138.599800
Cabernet d'Anjou  ,45.602180,-73.559600
Vin de Pays des Collines de la Moure  ,32.968495,-93.452525
Isola dei Nuraghi  ,40.709300,9.699030
Côtes de Bordeaux  ,44.774670,-0.410690
San Juan  ,18.466330,-66.104730
Saint-Péray  ,44.944150,4.840400
Monreale  ,38.082460,13.292630
Spring Mountain District Napa,38.976181,-77.019110
Ribera del Duero  ,-33.894380,-60.550340
Fort Ross-Seaview Sonoma,38.516370,-123.240870
Côtes de Castillon  ,44.304930,0.591640
Corton Les Lolières  ,46.424840,4.913110
Conca de Barberà  ,41.400000,1.250000
Vin Doux Naturel Rasteau  ,44.229470,4.986070
Vino de la Tierra Ribera del Gállego-Cinco Villas  ,29.894140,-91.755140
Sainte-Foy Bordeaux  ,51.930990,11.474890
San Carlos  ,9.661750,-68.591580
Terrazze Retiche di Sondrio  ,46.138730,9.611790
Vino de la Tierra Ribera del Jiloca  ,29.894140,-91.755140
Moscadello di Montalcino  ,43.055160,11.491290
Sonoma County-Napa County Napa-Sonoma,38.528618,-122.887397
Arcole  ,35.720000,-0.545000
Ribeira Sacra  ,42.418130,-7.676700
Central Coast ,-33.423740,151.342500
Columbia Valley (WA) Columbia Valley,46.159610,-122.972690
Lago di Corbara  ,46.549890,11.869700
McDowell Valley Mendocino/Lake Counties,38.975574,-123.100143
Côtes-du-Ventoux  ,44.018770,5.109460
Dolcetto d'Acqui  ,42.935710,-81.316610
Temecula South Coast,33.533992,-117.053805
Romagna  ,44.500000,12.250000
Edna Valley Central Coast,-33.263514,151.491540
Priorat  ,41.072620,1.153140
Martina  ,22.116670,-84.066670
Beneventano  ,36.824100,14.804140
Marin County North Coast,38.038593,-122.868481
Saint-Romain  ,45.783370,-71.099070
Gippsland  ,-38.000000,147.500000
McLaren Vale-Beechworth  ,-36.361880,146.683860
Mentrida  ,40.236460,-4.194210
Bardolino Classico Superiore  ,45.550610,10.722270
Bordeaux Supérieur  ,44.836700,-0.581070
Volnay  ,47.001030,4.782300
Grand Valley  ,43.901480,-80.315880
Salta  ,-24.788640,-65.410230
Côtes du Roussillon Villages  ,43.960170,7.156930
Côtes du Rhône  ,46.230680,4.422350
La Mancha  ,33.938990,-84.041300
Bourgogne Epineuil  ,47.872620,3.977570
Côtes de Bergerac  ,44.858690,0.503260
Falerio  ,42.228410,12.446870
Shenandoah Valley (CA) Sierra Foothills,38.675691,-121.341212
Crémant d'Alsace  ,33.979020,-118.414180
Fiano di Avellino  ,40.912170,14.792880
Vin de Pays de la Méditerranée  ,43.697400,7.261600
Trentino  ,9.816670,-70.216670
Chiroubles  ,46.180840,4.663640
Entre-Deux-Mers  ,44.800000,-0.283330
Teroldego Rotaliano  ,46.197920,11.100500
Chambolle-Musigny  ,47.184950,4.952410
Ghemme  ,45.597910,8.421220
Napa-Mendocino-Sonoma North Coast,39.406397,-123.355608
Alcamo  ,37.974410,12.959810
Liguria  ,44.415350,9.427370
Vin de Pays des Coteaux de Peyriac  ,18.205770,-74.040530
Colli Bolognesi  ,44.454506,11.318354
Ramandolo  ,46.216990,13.266860
Siskiyou County California Other,41.592564,-122.540777
Charmes-Chambertin  ,50.676470,5.883540
Amador-Napa California Other,38.446065,-120.651755
Prosecco di Valdobbiadene  ,45.901260,11.995660
Montecarlo  ,43.738320,7.426950
Côte Rôtie  ,44.728150,-0.389760
Donnici  ,43.732000,11.501060
Sonoma Valley Sonoma,38.293998,-122.476142
Vermentino di Gallura  ,43.257220,76.944570
Vin de Pays du Lot  ,44.624613,1.605539
Cirò  ,39.382010,17.063360
Clairette de Bellegarde  ,43.757460,4.520860
Atlas Peak Napa,38.387784,-122.243168
Gattinara  ,45.629240,8.371800
Picpoul de Pinet  ,43.406797,3.508867
Rías Baixas  ,-37.256540,-56.969560
Contessa Entellina  ,37.729790,13.182890
Kentucky  ,37.527233,-85.287620
Yamhill-Carlton District Willamette Valley,45.294200,-123.176830
Vin de Pays des Coteaux de Bessilles  ,46.301391,-0.514943
New Mexico  ,34.421327,-106.108404
Napa-Carneros Napa,38.255080,-122.335440
Taburno  ,41.075330,14.617220
Erbaluce di Caluso  ,45.296390,7.889140
Calabria  ,39.068082,16.347670
Prosecco di Valdobbiadene Superiore  ,45.901260,11.995660
Lime Kiln Valley Central Coast,-33.320255,151.389007
Candia Dei Colli Apuani  ,35.342450,25.153340
Horse Heaven Hills Columbia Valley,48.168059,-106.594687
Chorey-lès-Beaune  ,47.047660,4.866490
Vino de Mesa  ,33.404953,-111.591511
Verduno  ,44.666330,7.934630
Touraine Mesland  ,47.500920,1.123679
Emilia  ,-31.062300,-60.747170
Clements Hills Central Valley,44.915624,-116.085430
Vermentino di Toscana  ,42.925070,10.839560
Vouvray  ,47.412030,0.798910
Collines Rhôdaniennes  ,8.128982,2.208592
Coteaux du Layon La Faye  ,18.205770,-74.040530
Veneto  ,45.654925,11.854320
Chassagne-Montrachet  ,46.937300,4.732350
Mâcon-Cruzille  ,45.498880,4.044570
Passito di Pantelleria  ,36.789982,11.958687
Morgon  ,45.982570,4.644950
Copertino  ,40.273310,18.049520
Condrieu  ,45.462270,4.768670
Vin de Pays de Sainte-Marie la Blanche  ,46.977780,4.889520
Aglianico del Vulture  ,40.862470,15.732500
Saint-Nicolas-de-Bourgueil  ,47.284270,0.127170
Umpqua Valley Southern Oregon,6.134170,80.227900
Conero  ,43.440390,13.579540
Alto Valle de Uco  ,13.705830,-87.725000
Crémant de Limoux  ,43.054320,2.213200
Chianti Superiore  ,46.721630,-92.103950
Chalk Hill Sonoma,38.589202,-122.766804
Valdobbiadene Superiore di Cartizze  ,45.894472,12.033883
Colli Pesaresi  ,43.403920,13.436910
Campi Flegrei  ,40.823160,14.193910
Cucamonga Valley South Coast,33.701870,-117.880680
Conegliano Valdobbiadene Prosecco Superiore  ,45.890560,12.303260
Emilia-Romagna  ,44.525915,11.039203
Monterey-Santa Barbara Central Coast,36.439739,-121.318288
Corton Vergennes  ,44.167500,-73.252840
Albemarle County  ,38.022844,-78.556584
Viré-Clessé  ,46.715940,-0.405420
Nuits-St.-Georges  ,47.137820,4.949990
Coteaux du Languedoc Pic Saint Loup  ,43.622260,3.815690
Montefalco Rosso  ,-26.015780,28.014610
Crémant de Bordeaux  ,44.735710,-0.371540
Vin de Pays des Collines Rhodaniennes  ,8.128982,2.208592
Premieres Côtes de Bordeaux  ,44.836700,-0.581070
Finca Élez  ,38.889415,-2.649155
Dolcetto d'Asti  ,42.935710,-81.316610
Santa Clara Valley Central Coast,37.335533,-121.978271
Columbia Valley-Walla Walla Valley Columbia Valley,3.379530,-74.805787
Mâcon-Milly Lamartine  ,46.350973,4.698683
Pavia  ,45.193050,9.151300
Sangiovese di Toscana  ,43.545080,11.315610
Strathbogie Ranges-Mornington Peninsula  ,-36.900000,145.750000
Bourgogne  ,51.151420,3.022400
Uco Valley  ,32.843960,-85.180930
Pemberton  ,-34.444870,116.034550
Noto  ,36.889970,15.076200
Rosso di Montalcino  ,43.055160,11.491290
Catamarca  ,-28.487350,-65.785210
Vin Santo di Carmignano  ,43.814250,11.019410
Chianti Rufina  ,43.827290,11.490340
San Luis Obispo Central Coast,35.289514,-120.657539
Coonawarra  ,-12.429510,130.912620
Eden Valley  ,45.322510,-94.547280
Saint-Chinian  ,43.422200,2.946420
Lambrusco di Sorbara  ,44.751672,11.008796
Sicilia  ,37.500000,14.000000
Lazio  ,41.975682,12.772625
Mount Benson  ,-37.100600,139.809600
Sangiovese di Romagna Superiore  ,44.500000,12.250000
Virginia's Eastern Shore  ,36.855758,-76.031242
Manchuela  ,39.520490,-1.169260
Gaillac  ,43.900280,1.897370
Haut-Médoc  ,45.000000,-0.833330
Lake County Mendocino/Lake Counties,38.972513,-122.670262
Vin de Liqueur  ,8.043280,98.809330
Pomino  ,43.815080,11.550330
Francs Côtes de Bordeaux  ,44.774670,-0.410690
McLaren Vale-Adelaide Hills  ,-34.931578,138.611198
Utiel-Requena  ,39.521845,-1.158406
Barbera d'Asti Superiore Nizza  ,44.810327,8.297474
Savigny-lès-Beaune  ,47.060900,4.825140
Kangaroo Island  ,-35.823900,137.333920
Mâcon-Fuissé  ,46.277261,4.762040
Chianti Colli Fiorentini  ,42.139660,14.301190
Pays de Loire  ,47.477659,-0.817864
Toro  ,10.063990,9.070010
Madera Central Valley,36.967785,-120.076135
Valpolicella Ripasso  ,45.548040,10.937060
Missouri  ,38.367983,-92.477747
Cerasuolo di Vittoria  ,36.972823,14.551657
Vino de la Tierra de Castelló  ,40.453416,0.447865
Terrasses du Larzac  ,44.747150,1.006820
Custoza  ,45.372860,10.795000
Carneros-Napa Valley Napa,38.255624,-122.343894
Colli di Rimini  ,44.097190,12.523389
Castilla La Mancha  ,39.581032,-3.004514
Mâcon-Mancey  ,39.741765,-92.463225
Clarendon  ,17.992167,-77.279922
Terre di Chieti  ,43.215300,13.337410
Arizona  ,34.293016,-111.664754
Uclés  ,39.980810,-2.861640
Mendocino-Amador California Other,39.307620,-123.798920
Barossa-Langhorne Creek  ,-35.312180,139.128640
Niagara-On-The-Lake  ,43.255390,-79.072120
Barsac  ,44.609340,-0.313910
Rosso del Veronese  ,45.191910,11.553940
Currency Creek-McLaren Vale  ,-35.483330,138.833330
Red Hills Lake County Mendocino/Lake Counties,39.309501,-123.790507
Carneros Napa-Sonoma,38.225030,-122.457383
Roccamonfina  ,41.292610,13.985070
Yecla  ,38.614550,-1.115010
Medrano  ,-33.181180,-68.615610
Bordeaux Rosé  ,44.855270,-0.570325
Humboldt County North Coast,40.116627,-123.813574
Terra Alta  ,-1.038020,-47.906440
Luján de Cuyo  ,-33.039330,-68.879180
Graves  ,31.770170,-84.515290
Happy Canyon of Santa Barbara Central Coast,4.697720,-74.041430
Chignin-Bergeron  ,44.891450,-0.478360
Beaujolais  ,29.785760,-90.768150
Vin de Pays de Vaucluse  ,44.012713,5.185350
Blanquette de Limoux  ,43.053109,2.221360
Curtefranca  ,44.573360,24.928380
Tarantino  ,42.997571,-87.997893
Vino de la Tierra de Zamora  ,41.256110,-5.711450
Colline Teatine  ,46.526530,6.630640
Châteauneuf-du-Pape  ,44.050370,4.835590
Colli Aprutini  ,41.617010,13.528780
South Coast  ,33.701870,-117.880680
Orvieto Classico  ,42.722210,12.131620
Carignano del Sulcis  ,44.000210,12.662690
Agrelo  ,-33.116100,-68.888760
River Junction Central Valley,32.782551,-85.171670
San Lucas Central Coast,-33.356811,151.441399
Ladoix  ,47.072480,4.876770
Bourgogne Côtes d’Auxerre  ,47.791190,3.581190
McLaren Vale  ,-35.215500,138.538140
Quarts de Chaume  ,47.312900,3.027890
Chalone Central Coast,-33.423740,151.342500
Muscadet Côtes de Grandlieu  ,47.869970,2.514070
Moscato di Pantelleria  ,36.831850,11.943620
Terre del Volturno  ,42.263275,-71.791186
Torgiano  ,43.028620,12.440390
Napa Valley Napa,38.299250,-122.292020
Madiran  ,43.549350,-0.057080
King Valley  ,40.683280,-112.046050
Faro  ,37.014870,-7.934240
Tupungato  ,-33.364420,-69.144010
Pyrenees  ,12.133330,-61.666670
Dolcetto di Diano d'Alba  ,44.654120,8.026450
Lanzarote  ,19.671670,-99.335000
Barbera d'Alba  ,41.705093,-76.821956
Colli Asolani Prosecco  ,45.708010,13.733770
Tasmania  ,-42.000000,146.750000
Venezie  ,44.902800,11.976760
Rosso di Montepulciano  ,43.098200,11.785320
Marca Trevigiana  ,42.557970,-3.051725
Fleurieu Peninsula  ,-35.500000,138.500000
Corton Perrières  ,48.959370,-0.134920
Rivesaltes  ,42.770720,2.874000
Prosecco  ,45.708010,13.733770
Long Island ,23.112500,-75.087005
Quincy  ,42.252320,-71.004190
Dolcetto di Dogliani Superiore  ,44.532160,7.945590
Tavel  ,44.012270,4.696950
Clos Saint-Denis  ,-20.892660,55.471040
Vittoria  ,-4.622770,55.452290
Corse Porto Vecchio  ,41.592740,9.278620
Piave  ,28.774720,-111.373560
Santa Cruz County Central Coast,-41.269990,146.059160
Aloxe-Corton  ,47.065800,4.859990
Bandol  ,43.136200,5.753320
Vin de Pays Cité de Carcassonne  ,43.199250,2.371830
Temecula Valley South Coast,33.701870,-117.880680
Côtes de Bourg  ,46.619470,4.690310
Ribera del Guadiana  ,36.475018,-5.024916
Rasteau  ,44.229470,4.986070
Chevalier-Montrachet  ,46.641160,3.854520
Pouilly-Loché  ,46.278154,4.768854
Contra Costa County Central Coast,37.963109,-122.369887
Nevada County Sierra Foothills,39.046522,-121.059735
Limestone Coast  ,-36.960981,139.725498
Monterey-Santa Barbara-Sonoma California Other,34.421796,-119.726763
Ventura County Central Coast,34.280577,-119.284451
North Coast ,-24.716670,152.283330
Victoria  ,48.428550,-123.364450
Russian River Valley Sonoma,38.611173,-122.869076
Sierra Foothills ,38.894691,-121.075200
Lugana  ,45.463360,10.615570
Clare Valley-Coonawarra  ,-12.429510,130.912620
Cilento  ,40.333330,15.250000
Montagny  ,45.620690,4.747470
Recioto di Soave  ,45.416880,11.247960
Comté Toulosan  ,6.585570,124.074640
Dominio de Valdepusa  ,39.256310,-75.601863
Rosé d'Anjou  ,45.602180,-73.559600
Chambertin  ,46.309110,3.468850
Muscat de Saint-Jean de Minervois  ,43.384340,2.833070
Riverland  ,26.093610,-80.186820
Tehema Foothills Sierra Foothills,40.495500,-112.015220
Eola-Amity Hills Willamette Valley,45.150760,-123.196036
Napa-Sonoma-Lake North Coast,38.155136,-122.253593
Tierra del Viños de Zamora  ,41.256110,-5.711450
Aminga Valley  ,4.134730,30.584470
Moulin-à-Vent  ,50.476300,4.879960
Ruché di Castagnole Monferrato  ,44.957820,8.304210
Coteaux du Vendômois  ,47.658303,1.263060
Rully  ,46.876240,4.740210
Napa County Napa,38.299110,-122.285410
Menfi  ,37.607950,12.966850
El Dorado Sierra Foothills,38.664246,-120.912520
Swan Creek  ,36.178470,-80.868960
South Australia  ,-30.106414,135.789180
Gundagai  ,-35.064250,148.104430
Contea di Sclafani  ,45.462540,9.911630
Vin de Pays du Val de Cesse  ,49.512090,5.158340
Montescudaio  ,43.326120,10.625840
Mâcon-Villages  ,32.795995,-83.728394
Mâcon-Uchizy  ,46.503880,4.884070
Sonoma-Napa Napa-Sonoma,38.255624,-122.343894
Vin Mousseux  ,46.745870,0.834610
Montsant  ,41.078220,1.131270
Romangia  ,40.798280,8.572510
Muscadet Coteaux de la Loire  ,45.491756,4.547146
Champagne  ,48.024070,0.330320
Vi de la Terra Illes Balears  ,39.887700,4.262100
Veneto Orientale  ,45.484510,12.232930
Meursault  ,46.976860,4.774410
Vin de Pays de L'Aude  ,47.722250,-3.409680
Southern Highlands  ,-6.250000,143.416670
Málaga  ,36.718380,-4.419930
Vigneti delle Dolomiti  ,47.508180,7.002970
Lussac Saint-Émilion  ,44.890070,-0.154730
Sonoma County Sonoma,38.291880,-122.457280
Catalonia  ,41.798510,1.528906
Gard  ,43.993641,4.179801
Chianti  ,22.307860,114.012752
Controguerra  ,42.855190,13.818550
Saint-Joseph  ,39.768610,-94.846630
Rosso di Toscana  ,42.437344,11.207994
Valpolicella Valpantena Superiore  ,46.721630,-92.103950
Mâcon-Lugny  ,32.839940,-83.628020
Pauillac  ,45.198990,-0.748830
Yakima Valley Columbia Valley,38.067150,-117.964000
Anjou  ,45.346110,4.881490
Côtes du Roussillon  ,45.580110,-0.825110
St.-Amour  ,46.435230,5.345000
Vin de Savoie  ,45.477614,6.442762
Macon-Verge  ,46.353730,4.844400
Cuyo  ,10.836000,121.028600
Willamette Valley  ,45.500120,-122.501480
The Hamptons Long Island Long Island,23.112500,-75.087005
Marche  ,43.348200,13.137824
Cochise County  ,31.879519,-109.751196
Conero Riserva  ,56.832780,60.582030
Ben Lomond Mountain Central Coast,-33.423740,151.342500
Pennsylvania  ,40.896512,-77.838751
Forlì  ,44.228220,12.042090
Montello e Colli Asolani  ,45.840090,11.993870
Dolcetto d'Alba Superiore  ,46.721630,-92.103950
Morellino di Scansano  ,42.687340,11.333100
Ischia  ,40.742810,13.943020
Bonnes-Mares  ,49.078560,0.662760
Lacrima di Morro d'Alba  ,43.600860,13.213280
Gavi di Gavi  ,44.775430,9.454070
Passito di Noto  ,36.889970,15.076200
Vino da Tavola  ,60.416670,23.050000
California-Washington  ,40.066790,-79.892370
Mâcon-Péronne  ,49.929670,2.935360
Malvasia delle Lipari  ,38.786834,15.192124
Alto Adige Terlano  ,46.529410,11.248710
Vin de Table Francais  ,50.642530,5.569730
Darlington Point  ,-34.567790,146.000200
York Mountain Central Coast,39.962911,-76.627510
St. David's Bench  ,51.880910,-5.264570
Navarra  ,42.667053,-1.646067
Régnié  ,44.403660,0.526600
Pompeiano  ,45.431350,9.988320
St. Helena Napa,38.506100,-122.471680
Irrouléguy  ,43.178900,-1.300060
La Rioja  ,-29.413360,-66.855900
Vin Santo del Chianti Classico  ,53.139910,8.214530
Barbera d'Alba Superiore  ,39.970164,-105.134600
Calatayud  ,41.352520,-1.638890
Napa-Amador California Other,38.341973,-120.767817
Circeo  ,42.833330,-8.216670
Colline Teramane  ,-7.786670,110.180000
Malibu Coast South Coast,33.701870,-117.880680
Clos de la Roche  ,-23.559760,-46.581990
Chelan County Washington Other,47.867072,-120.625268
Colli di Faenza  ,44.285754,11.863477
Salina  ,38.840540,-97.609700
Vino Spumante  ,48.233860,16.327530
Vin de Pays des Côtes Catalanes  ,9.790500,-75.043380
South Eastern Australia  ,-28.029180,153.431170
Leverano  ,40.289430,18.000410
Savennières  ,47.382670,-0.657980
Nebbiolo d'Alba  ,56.502050,84.955480
Blaye Côtes de Bordeaux  ,44.847695,-0.544390
Castel del Monte  ,42.699030,12.573420
Pouilly-Fuissé  ,46.278154,4.768854
Clear Lake Mendocino/Lake Counties,38.972513,-122.670262
Sonoma-Napa-Lake North Coast,38.261760,-122.653090
Coteaux du Layon Beaulieu  ,47.310072,-0.590674
Clos de Tart  ,47.195660,4.961740
Moscato di Noto  ,41.695620,13.256440
Amarone della Valpolicella Valpantena  ,23.131920,72.232090
Châteaumeillant  ,46.562090,2.196080
Mercurey  ,46.836320,4.717300
Minervois  ,43.350000,2.700000
Côtes de Gascogne  ,43.500000,0.000000
Mornington Peninsula  ,-38.332700,144.956570
Gevrey-Chambertin  ,47.226220,4.969140
Saint-Julien  ,-20.226390,57.636390
Vin de Pays du Jardin de la France  ,45.494730,4.908270
Monbazillac  ,44.793450,0.492440
Cerasuolo di Vittoria Classico  ,-37.838920,144.976300
Napa-Mendocino-Sonoma-Marin North Coast,39.443268,-123.806246
San Pasqual South Coast,33.701870,-117.880680
Vi de la Terra Mallorca  ,-37.617045,145.135005
Sancerre  ,47.332390,2.836880
Vino de Calidad de Tierras de León  ,42.461518,-4.715466
Catalanesca del Monte Somma  ,40.837920,14.427930
Penedès  ,41.250000,1.583330
California-Oregon  ,33.712350,-117.791107
Valdepeñas  ,38.762420,-3.387520
Sauternes  ,44.531330,-0.343350
Getariako Txakolina  ,43.301240,-2.225120
Bergerac  ,44.852220,0.485730
Menetou-Salon  ,47.231620,2.486590
Vin Santo del Chianti Rufina  ,22.307860,114.012752
Roero Arneis  ,60.123740,11.467020
Coteaux du Giennois  ,47.683150,2.653239
San Francisco Bay Central Coast,-27.090405,-56.022814
Coteaux Champenois  ,18.205770,-74.040530
Mendocino-Amador-Napa California Other,39.307620,-123.798920
Musigny  ,47.163600,4.519950
Leelanau Peninsula  ,45.208330,-85.541750
Fiddletown Sierra Foothills,38.861584,-122.710981
Saddle Rock-Malibu South Coast,33.701870,-117.880680
Vermentino di Sardegna  ,40.666613,8.532023
North Carolina  ,35.539344,-79.185418
Okanagan Valley  ,50.363860,-119.349970
New York New York Other,36.101400,-115.174370
Epomeo  ,40.743580,13.907340
Cadillac  ,44.250830,-85.402650
Empordà  ,42.200000,2.750000
Niagara Peninsula  ,43.024820,-79.343790
Sonoma-Mendocino North Coast,38.469373,-122.722112
Vino de la Tierra del Bajo Aragón  ,29.894140,-91.755140
South Australia-Victoria  ,-37.778925,144.874375
Ventoux  ,51.548970,5.063280
Massachusetts  ,42.358670,-71.718185
Côte de Beaune-Villages  ,47.341860,1.163320
Vin de Pays Var  ,43.134881,5.921004
Terre di Franciacorta  ,45.584440,10.083450
Almansa  ,38.869050,-1.095600
Mâcon-Charnay  ,46.295100,4.795770
Vin de Pays de l'Ile de Beauté  ,43.423700,1.499540
Colli Perugini  ,42.492190,12.653880
Oregon Other  ,35.969230,-86.212770
Napa County-Sonoma County-San Joaquin County California Other,37.934796,-121.271311
Placer County Sierra Foothills,38.894691,-121.075200
Castelli Romani  ,48.669250,16.347200
Aude Hauterive  ,43.146674,2.819783
Greco di Tufo  ,41.009420,14.825000
Calaveras County Sierra Foothills,38.194501,-120.678480
Vista Flores  ,-33.651390,-69.156150
Coteaux de l'Aubance  ,47.455515,-0.941686
Australia-New Zealand  ,-27.839080,143.261720
Chianti Colli Aretini  ,41.617010,13.528780
High Valley Mendocino/Lake Counties,44.224060,-116.154850
Chiles Valley Napa,38.506573,-122.465621
Barossa Valley-Clare Valley  ,-34.533330,138.950000
Colline Lucchesi  ,43.859090,10.260490
Anderson Valley-Sonoma County-Cole Ranch North Coast,38.602768,-92.209194
Maranges  ,45.474350,1.791090
Côte de Brouilly  ,46.100380,4.655930
Paso Robles Central Coast,35.626750,-120.692201
Mâcon Chaintré  ,46.279531,4.778905
Pessac-Léognan  ,44.727906,-0.620959
Green Valley Sonoma,36.368570,-94.302940
Valpolicella Classico  ,45.548040,10.937060
Vino de la Tierra de Castilla  ,-5.190830,-80.605160
Gers  ,43.692922,0.452924
Frascati Superiore  ,41.810970,12.681360
Cerasuolo d'Abruzzo  ,42.285168,13.300720
Bordeaux Blanc  ,44.836700,-0.581070
Barbaresco  ,44.725020,8.081650
Mendoza  ,-32.890840,-68.827170
Vernaccia di San Gimignano  ,43.467070,11.040430
Northern Sonoma Sonoma,38.291880,-122.457280
Livermore Valley Central Coast,37.591668,-121.688005
Bardolino Classico  ,52.475370,-1.904830
Falerio dei Colli Ascolani  ,45.840090,11.993870
Pouilly-Fumé  ,41.057480,17.088190
Meursault-Blagny  ,46.959460,4.740230
Casorzo  ,45.022190,8.333360
Rosso Conero  ,43.440390,13.579540
South Coast ,33.701870,-117.880680
Napa-Mendocino-Santa Clara Counties North Coast,37.096311,-121.639888
Valpolicella  ,45.548040,10.937060
Val di Neto  ,-8.466670,-36.266670
Barbera d'Asti  ,44.979950,8.168120
Touraine  ,47.200000,1.500000
Neuquén  ,-38.951270,-68.060740
San Marino  ,43.938171,12.463508
Vino de Calidad de Valtiendas  ,41.478820,-3.918380
Prince Edward County  ,44.000120,-77.249460
Mendocino-Lake County-Napa North Coast,38.972513,-122.670262
Barossa Valley  ,-34.533330,138.950000
Friuli Isonzo  ,42.210030,14.183210
Moulis-en-Médoc  ,45.060160,-0.769280
Anderson Valley Mendocino/Lake Counties,39.034292,-123.390731
Montepulciano d'Abruzzo Cerasuolo  ,43.129372,11.827788
Antelope Valley of the California High Desert South Coast,33.701870,-117.880680
Moon Mountain District Sonoma County Sonoma,38.340569,-122.474049
Mâcon-Prissé  ,46.338350,4.726702
Vino de la Tierra Contraviesa Alpujarra  ,32.461260,-93.871010
Delle Venezie  ,45.392695,11.908089
San Benito County Central Coast,-41.269990,146.059160
Falanghina del Sannio  ,41.074270,14.613930
Vin de Pays de Côtes du Tarn  ,43.660440,2.236050
Moselle VDQS  ,-25.444760,-49.284960
Montefalco  ,42.892410,12.649780
Coteaux du Languedoc  ,44.000000,4.000000
Verdicchio di Matelica  ,45.633960,9.882390
Valli di Porto Pino  ,38.966980,8.595390
Aglianico del Beneventano  ,36.824100,14.804140
Beamsville Bench  ,39.043178,-76.898218
San Diego County South Coast,33.181900,-117.367828
Haut-Poitou  ,46.651632,0.364196
San Bernabe Central Coast,19.467849,-99.173830
Savennières-Roche-Aux-Moines  ,47.391236,-0.644095
Morey-Saint-Denis  ,47.195410,4.961730
Mazoyeres-Chambertin  ,46.309110,3.468850
Chianti Montalbano  ,44.056680,12.376780
Bolgheri Superiore  ,46.721630,-92.103950
Yorkville Highlands North Coast,43.110712,-75.268472
Italy  ,42.833330,12.833330
Lombardy  ,45.617250,9.769086
Barco Reale di Carmignano  ,43.841450,10.910600
Vittoria Frappato  ,-4.622770,55.452290
Bierzo  ,41.397580,2.184120
Columbia Gorge (OR) Oregon Other,45.940337,-123.090815
Cirò Classico  ,55.007740,-1.620290
Cayuga Lake Finger Lakes,42.931768,-76.611888
Dogliani  ,44.532160,7.945590
Napa-Sonoma-Marin North Coast,38.457469,-122.741120
Verdicchio dei Castelli di Jesi  ,43.981290,12.430490
Olevano Romano  ,41.857600,13.038140
Maury  ,42.810040,2.592250
Alta Langa  ,20.267210,86.040420
Vin de Pays des Pyrénees Orientales  ,42.599800,2.522493
Yamhill County Willamette Valley,45.150760,-123.196036
Valpolicella Classico Superiore  ,46.721630,-92.103950
Fleurie  ,46.192600,4.697650
Western Australia  ,-25.470429,122.180741
Maremma Toscana  ,42.761070,11.112560
Vin de Pays des Coteaux de Murviel  ,18.205770,-74.040530
Vin de Pays des Portes de Méditerranée  ,41.328446,-87.203570
Mâcon-Vinzelles  ,46.277739,4.769411
Carmignano  ,43.814250,11.019410
Monteregio di Massa Marittima  ,43.048790,10.887420
McMinnville Willamette Valley,45.210795,-123.228372
Roero  ,44.640210,7.649110
Shenandoah Valley  ,30.182520,-95.460740
New South Wales  ,-32.163025,147.017437
Sebino  ,47.194240,31.862140
Cour-Cheverny  ,47.508430,1.457710
Goulburn Valley  ,-36.381400,145.405890
Santa Barbara Central Coast,34.888061,-120.380581
Mudgee  ,-32.591500,149.588500
Valtellina Superiore  ,46.174440,9.941180
France  ,46.559417,2.550540
Alto Valle del Río Negro  ,6.164190,-75.404550
Gaillac Doux  ,43.001620,1.127810
Seneca Lake Finger Lakes,42.866473,-76.982547
Lenswood  ,-34.916670,138.816670
Sagrantino di Montefalco  ,42.892410,12.649780
Barbera del Monferrato Superiore  ,44.916670,8.083330
Jumilla  ,38.476670,-1.322210
Oakville Napa,38.436600,-122.402590
Cava  ,40.700910,14.705640
Yarra Valley  ,-37.656530,145.510310
Yountville Napa,38.403450,-122.361840
Abruzzo  ,42.227556,13.855049
Applegate Valley Southern Oregon,42.256630,-123.168140
Barbera del Monferrato  ,44.916670,8.083330
Penisola Sorrentina  ,40.616670,14.416670
Taurasi  ,41.007790,14.958550
Jurançon  ,43.287870,-0.390170
Saussignac  ,44.801310,0.325980
Hermitage  ,41.233060,-80.449590
Adelaida District Central Coast,52.592520,39.560970
Monica di Sardegna  ,39.203250,8.383050
Colorado  ,38.998551,-105.547816
Prosecco di Conegliano e Valdobbiadene  ,45.901260,11.995660
Cesanese del Piglio  ,41.831770,13.143450
Vin de Pays des Sables du Golfe du Lion  ,45.759170,4.829650
Trento  ,46.070050,11.119260
Vin de Pays des Cévennes  ,45.241780,1.554690
Pécharmant  ,44.866620,0.520270
Recioto di Soave Classico  ,45.416880,11.247960
Barbera di Piemonte  ,45.486580,8.164270
Hilltops  ,-32.775690,28.167250
Recioto della Valpolicella  ,45.525460,10.940902
Nardò  ,40.176060,18.032760
Macedon Ranges  ,-37.333430,144.615810
Romanée-St.-Vivant  ,47.135360,5.441750
Campo de Borja  ,-12.074509,-77.013838
Walla Walla Valley (WA) Columbia Valley,46.054226,-118.324690
Lodi Central Valley,40.870003,-74.084260
Coteaux Varois  ,18.205770,-74.040530
Alella  ,41.492510,2.294760
Sonoma County-Monterey County-Santa Barbara County California Other,34.673215,-120.017070
Sonoma County-Monterey County California Other,36.217146,-121.239020
Bergerac Rosé  ,45.478999,-122.606304
Bourgueil  ,47.279810,0.168970
Ribera del Júcar  ,39.166670,-0.500000
Napa Valley-Paso Robles California Other,35.727328,-120.886342
Dolcetto di Dogliani  ,44.532160,7.945590
Hudson River Region New York Other,42.252820,-73.791430
Chambertin Clos de Bèze  ,39.750642,-75.550033
Tarragona  ,41.117020,1.253850
Colli Martani  ,44.848360,9.897150
La Grande Rue  ,45.176770,-0.489790
Tierra de Castilla  ,21.461515,-104.900575
Bizkaiko Txakolina  ,40.415740,-3.701390
Sonoma ,38.291880,-122.457280
Great Southern  ,-36.066670,146.483330
Basilicata  ,40.499969,16.081552
Mazis-Chambertin  ,46.309110,3.468850
Cienega Valley Central Coast,-33.320255,151.389007
Beaune  ,47.019240,4.835540
Torgiano Rosso Riserva  ,16.499220,-15.809670
Bendigo  ,-36.757440,144.281630
Maremma  ,42.500000,11.500000
Lot  ,-37.091630,-73.154990
Bullas  ,38.050350,-1.666900
Oak Knoll District Napa,38.364810,-122.338150
Mâcon-Pierreclos  ,46.333946,4.689970
Moscato d'Asti  ,40.988169,-73.808184
Frankland River  ,-34.470800,116.838420
Manzanilla-Sanlúcar de Barrameda  ,36.775440,-6.342835
Côtes de Montravel  ,44.859650,0.051680
Arroyo Grande Valley Central Coast,35.107551,-120.581510
Cafayate  ,-26.073040,-65.975410
Corton-Charlemagne  ,45.721470,-73.486720
Maipú  ,-32.984450,-68.788960
Colli di Luni  ,44.080490,10.026561
Molise  ,41.684317,14.595198
Riverina  ,-27.968200,28.850190
Clare Valley  ,13.166670,-61.250000
Soave Colli Scaligeri  ,45.410760,11.232070
Zonda Valley  ,34.403610,-119.697080
Lambrusco di Modena  ,44.751672,11.008796
Dogliani Superiore  ,46.721630,-92.103950
Coteaux d'Ancenis  ,18.205770,-74.040530
Lambrusco dell'Emilia  ,44.650720,10.866870
Vacqueyras  ,44.138110,4.985080
Outer Coastal Plain  ,29.446788,-95.296359
Les Baux de Provence  ,43.745500,4.795290
Santenay  ,46.911420,4.700350
Brouilly  ,46.104770,4.646610
Médoc  ,45.000000,-1.000000
Beaujolais Blanc  ,45.469210,-75.685040
Costers del Segre  ,14.800000,21.616670
Solano County North Coast,-24.716670,152.283330
Santa Ynez Valley Central Coast,34.697843,-120.083069
Valle de Uco  ,-33.203800,-68.889970
Toscana  ,43.450830,11.126187
Saint-Mont  ,43.651140,-0.150510
Var  ,43.441622,6.244524
Coteaux du Languedoc-Pézenas  ,43.256147,2.269342
Chianti Classico  ,53.139910,8.214530
Redwood Valley Mendocino/Lake Counties,39.266110,-123.204290
Saint-Aubin  ,47.031190,5.331450
Lison-Pramaggiore  ,45.780948,12.733528
Muscat de Beaumes de Venise  ,44.121570,5.028650
Argentina  ,-35.495758,-65.071542
Cannonau di Sardegna  ,40.087801,9.030488
Ballard Canyon Central Coast,31.778358,-94.180690
Cole Ranch Mendocino/Lake Counties,61.607120,-149.308610
Sonoma County-San Joaquin County California Other,37.934796,-121.271311
Chénas  ,33.822590,49.598250
Ohio River Valley  ,38.969128,-84.281799
La Clape  ,44.595460,1.636670
Friuli Grave  ,46.075280,13.079720
Sonoma Mountain Sonoma,38.363501,-122.551605
Arroyo Seco Central Coast,-25.364150,-57.570580
Toledo  ,41.653810,-83.536260
Calistoga Napa,38.578780,-122.579480
Puligny-Montrachet  ,46.946080,4.752590
Sable de Camargue  ,44.049920,-0.047330
Marcillac  ,45.268890,-0.523940
Mendocino Ridge Mendocino/Lake Counties,39.307620,-123.798920
Sant' Agata dei Goti  ,41.089320,14.497430
Bourgogne Aligoté  ,-34.106760,18.842800
Ancient Lakes Columbia Valley,30.205075,-82.712810
Mitterberg  ,48.992960,12.804080
Côtes de Duras  ,44.677000,0.184750
Pla de Bages  ,42.605880,2.893220
Monti Lessini  ,45.683330,11.216670
Terra degli Osci  ,-6.610480,106.811560
Dolcetto d'Alba  ,42.935710,-81.316610
Sonoma-Santa Barbara-Mendocino California Other,34.419380,-119.699050
Piccadilly Valley  ,34.066554,-117.323024
Rutherglen  ,-36.055950,146.463130
Geelong  ,-38.148520,144.360160
Saint-Émilion  ,44.890070,-0.154730
Sonoma County-Monterey County-Napa County California Other,36.217146,-121.239020
Yolo County Central Valley,38.574130,-121.772090
Aleatico dell'Elba  ,31.414590,-86.067360
Asprinio di Aversa  ,40.967570,14.207950
Monterrei  ,25.666670,-100.316670
Sonoma-Napa-Mendocino North Coast,38.469373,-122.722112
Saint-Bris  ,47.305380,7.112420
Lake Erie Finger Lakes,44.494860,-115.159480
Mâcon-Azé  ,-24.355280,34.681670
Campania  ,40.859735,14.840116
Murgia  ,42.956220,-2.818590
Provincia di Pavia  ,45.116670,9.133330
Muscadet  ,47.985570,3.389560
Washington Washington Other,37.130270,-113.509100
Castillon Côtes de Bordeaux  ,44.840510,-0.576065
Diano d'Alba  ,44.654120,8.026450
Côtes du Tarn  ,43.660440,2.236050
St.-Romain  ,45.783370,-71.099070
Gigondas  ,44.166640,5.001870
Montefalco Sagrantino  ,43.877250,11.710720
Sardinia  ,40.087801,9.030488
Vin de Pays des Côtes de Gascogne  ,43.500000,0.000000
Central Valley  ,41.331080,-74.129980
Monticello  ,45.305580,-93.794280
Southern Oregon ,42.342283,-122.880282
Diamond Mountain District Napa,38.550175,-122.564517
Eloro  ,34.820830,33.054170
Corton Les Renardes  ,45.615690,1.191550
Hunter Valley  ,-32.772550,151.302720
Corse  ,42.151391,9.106033
Vermont  ,44.075207,-72.662689
Mâcon-Verze  ,32.922780,-83.709322
Grand River Valley  ,48.009836,-106.449947
Falanghina del Beneventano  ,41.074270,14.613930
Finger Lakes ,35.424100,-80.680660
Santa Clara County Central Coast,37.133846,-121.654958
Costières de Nîmes  ,43.816994,4.359002
Fair Play Sierra Foothills,38.894691,-121.075200
Bordeaux Clairet  ,29.920297,-90.105834
Vino Tierra de León  ,41.667250,-4.714030
Asti  ,44.904430,8.199940
Mâcon-Davayé  ,46.298377,4.758658
Rioja  ,-29.413360,-66.855900
Trentino Superiore  ,46.721630,-92.103950
Willamette Valley ,45.500120,-122.501480
Valpolicella Classico Superiore Ripasso  ,46.721630,-92.103950
Cahors  ,44.446690,1.440750
Côtes du Marmandais  ,44.412270,0.041800
Listrac  ,44.732170,-0.271440
Tierra de León  ,41.664020,-4.735050
Saumur  ,47.259730,-0.079400
Est! Est!! Est!!! di Montefiascone  ,42.539580,12.035650
Nuragus di Cagliari  ,39.776487,9.034807
Roussette de Savoie  ,50.641620,5.568370
Corton-Pougets  ,46.521450,4.297860
Cabardes  ,43.788590,1.064870
Iowa  ,42.074698,-93.499972
Amarone della Valpolicella Classico  ,23.131920,72.232090
San Luis Obispo County Central Coast,35.289514,-120.657539
Bordeaux  ,44.836700,-0.581070
Paicines Central Coast,-33.423740,151.342500
Bourgogne Grand Ordinaire  ,43.545270,0.211310
Monterey County-Napa County-Sonoma County California Other,36.217146,-121.239020
Verdicchio dei Castelli di Jesi Classico  ,-25.946790,-60.619470
Mount Veeder Napa,38.370739,-122.413519
Dunnigan Hills Central Valley,38.811010,-122.378870
Potter Valley Mendocino/Lake Counties,39.321910,-123.110960
Cornas  ,44.963640,4.847530
Colli Piacentini  ,45.132550,10.029470
Coteaux du Layon Saint Aubin  ,47.031190,5.331450
Saint-Estèphe  ,45.265200,-0.770340
Wahluke Slope Columbia Valley,4.779400,-73.696090
Carmel Valley Central Coast,-33.436509,151.288419
Vin de Pays de L'Herault  ,45.890540,2.508570
Pernand-Vergelesses  ,47.081730,4.847300
Montagne-Saint-Émilion  ,44.890070,-0.154730
Río Negro Valley  ,6.164190,-75.404550
Piedmont  ,45.057301,7.920493
Touraine Amboise  ,47.412850,0.982550
Southern Fleurieu  ,45.293160,4.336620
Trebbiano d'Abruzzo  ,42.579730,13.974035
Custoza Superiore  ,46.721630,-92.103950
Vallée du Paradis  ,46.381290,7.628060
Sonoma Coast Sonoma,38.291880,-122.457280
Clairette de Die  ,44.762334,5.352657
Crémant de Bourgogne  ,51.151420,3.022400
Barolo  ,44.611940,7.940520
Napa-Sonoma ,38.294976,-122.476004
Monthélie  ,46.992830,4.767170
Napa County-Sonoma County-Lake County North Coast,38.639393,-122.593538
Southern Flinders Ranges  ,-32.000000,138.666670
Franciacorta  ,45.584440,10.083450
Vin de Pays du Gard  ,43.671249,4.427448
Montravel  ,44.859650,0.051680
Augusta  ,48.370340,10.897880
Niagara Escarpment  ,43.168460,-79.007560
McLaren Vale-Langhorne Creek  ,-35.312180,139.128640
Pomerol  ,44.930630,-0.197630
Rockpile Sonoma,38.758590,-123.153358
Languedoc  ,44.000000,4.000000
Charentais  ,47.273470,0.821420
Gambellara Classico  ,45.462760,11.339120
Monterey Central Coast,36.608944,-121.847738
Vin de Pays des Côtes de Thau  ,22.750000,93.200000
Cortese di Gavi  ,45.799500,11.606170
Rosso del Salento  ,4.637410,-75.569510
Chianti Colli Senesi  ,22.307860,114.012752
Naches Heights Columbia Valley,40.753652,-74.053333
Fixin  ,47.244930,4.973080
Madrid  ,40.419550,-3.691960
Givry  ,46.782950,4.744890
El Pomar District Central Coast,52.166380,-127.003230
Vin de Pays de la Haute Vallée de l’Aude  ,45.988544,-74.123155
Auxey-Duresses  ,46.986840,4.749340
Colline Pescaresi  ,44.450000,23.933330
Heathcote  ,-34.087130,151.006690
Stags Leap District Napa,60.858080,26.566270
Vin de Pays d'Oc  ,43.604780,1.454080
Offida Pecorino  ,42.243801,-71.691367
Côte de Beaune  ,50.794150,4.373990
Langhe  ,44.500000,8.000000
Old Mission Peninsula  ,44.872080,-85.521610
Savennières-Coulée de Serrant  ,47.392270,-0.638790
Coombsville Napa,38.295257,-122.249295
Yadkin Valley  ,36.033200,-81.479390
Asolo Prosecco Superiore  ,46.721630,-92.103950
Michigan  ,44.125200,-84.196697
Mt. Harlan Central Coast,-33.389830,151.341019
Oregon Oregon Other,45.337196,-122.587994
Petit Chablis  ,38.439751,-105.239474
Sonoma County-Santa Barbara County California Other,34.673215,-120.017070
Rogue Valley Southern Oregon,42.185750,-122.694340
Lacryma Christi del Vesuvio  ,7.416670,-63.290560
Valpolicella Ripasso Classico  ,45.548040,10.937060
Crémant de Loire  ,39.466420,-0.374680
Premieres Côtes de Blaye  ,45.135897,-0.664441
Costa Toscana  ,43.298780,11.200800
Corbières  ,46.659300,7.101850
Offida Passerina  ,43.524810,12.230660
Côtes de Provence  ,18.438330,-72.844440
Bennett Valley Sonoma,38.426396,-122.666866
Virginia  ,37.512821,-78.697949
Pouilly-sur-Loire  ,47.282950,2.956780
Corton-Bressandes  ,45.018190,2.900970
Napa-Sonoma-Monterey North Coast,38.316145,-122.478179
Jerez  ,36.691240,-6.134480
Soave Superiore  ,45.327110,14.443630
Primitivo del Salento  ,4.637410,-75.569510
Vougeot  ,47.176710,4.965450
Vin de Pays de Montferrand  ,45.926650,5.409070
Collio  ,45.809920,10.338010
Alsace  ,48.500000,7.500000
Luberon  ,57.157590,65.535840
Colli Orientali del Friuli  ,21.101216,-101.657983
Australia  ,-25.709932,134.484031
Paestum  ,40.407320,15.001800
Stanislaus County Central Valley,37.736465,-120.917701
Solano County Green Valley North Coast,38.253190,-122.160930
Napa-Sonoma North Coast,38.457469,-122.741120
Prosecco del Veneto  ,45.440470,12.327940
Arbois  ,46.903030,5.773620
Soave Classico  ,34.696015,-118.138735
Juliénas  ,46.235480,4.710150
Primitivo di Manduria  ,-22.755590,-41.888410
Echézeaux  ,47.095870,3.525820
Costa d'Amalfi  ,40.638150,14.612240
Emporadà-Costa Brava  ,18.505220,-67.031290
Extremadura  ,39.192377,-6.153827
Alpilles  ,43.787740,4.832090
Friuli Aquileia  ,45.771870,13.366870
Barossa Valley-McLaren Vale  ,-34.533330,138.950000
Vino de la Tierra de Cádiz  ,36.671775,-5.908235
Moscato di Trani  ,41.266104,16.436453
Val di Cornia Suvereto  ,43.078642,10.695560
Colli della Toscana Centrale  ,43.368740,11.262070
Yarra Valley-Heathcote  ,-43.581838,172.699900
Santa Cruz Mountains Central Coast,36.965953,-122.055869
Red Mountain Columbia Valley,13.369260,-81.369800
Margaux  ,45.040980,-0.675760
Mendocino-Lake North Coast,39.406397,-123.355608
Patagonia  ,-44.000000,-68.000000
Dolcetto di Monferrato  ,44.916670,8.083330
Saumur-Champigny  ,47.260310,-0.077390
Patrimonio  ,-18.500000,-40.316670
Arlanza  ,42.664180,-6.418510
Nagambie Lakes  ,-36.781250,145.143190
Venezia Giulia  ,46.250000,13.500000
Valdobbiadene Prosecco Superiore  ,45.901260,11.995660
Vin de Pays Vignobles de France  ,43.732410,1.752750
Landes  ,43.965831,-0.783612
Western Connecticut Highlands  ,41.564870,-72.744630
Howell Mountain Napa,38.581300,-122.451090
Alto Adige  ,46.696163,11.416104
Rattlesnake Hills Columbia Valley,29.838270,-82.684115
Vinos de Madrid  ,40.434800,-3.711920
Bourgogne Hautes Côtes de Beaune  ,47.561304,6.917400
Coteaux du Lyonnais  ,45.678248,4.681299
St.-Véran  ,44.113450,5.059540
Mokelumne River Central Valley,38.096030,-121.569950
Limoux  ,43.054320,2.213200
Oltrepò Pavese  ,45.050500,9.232140
Côtes du Roussillon Villages Tautavel  ,45.580110,-0.825110
Bourgogne Hautes Côtes de Nuits  ,47.561304,6.917400
Garda Classico  ,11.667840,78.137910
Collioure  ,42.523830,3.085600
Brunello di Montalcino  ,43.045320,11.484430
Granite Belt  ,-28.538400,151.948901
Chinon  ,47.166120,0.237960
Bienvenues Bâtard-Montrachet  ,32.416960,-90.111070
Riviera Ligure di Ponente  ,43.831372,7.853497
Muscat de Rivesaltes  ,42.764415,2.879141
Sannio  ,41.198650,14.841620
Santa Lucia Highlands Central Coast,-25.335330,-57.603410
Pine Mountain-Cloverdale Peak Sonoma,38.842320,-122.945897
Nevada  ,39.356482,-116.655436
Montlouis-sur-Loire  ,47.388700,0.827180
Colli di Conegliano  ,45.893821,12.275783
Puglia  ,40.985041,16.618786
Assisi  ,43.066350,12.622000
Muscadet Sèvre et Maine Clisson  ,47.109648,-1.270759
Fronsac  ,44.924130,-0.272820
Capay Valley Central Valley,40.199880,-122.201110
Del Veneto  ,45.654925,11.854320
Offida Rosso  ,16.499220,-15.809670
Anjou Villages  ,45.348355,4.877774
Trinity County North Coast,30.912916,-95.255626
Grampians  ,-37.033330,142.500000
Buzet  ,45.407750,13.966120
Lake County-Sonoma County North Coast,38.457469,-122.741120
Colline Novaresi  ,45.140030,8.009920
Ribbon Ridge Willamette Valley,45.500120,-122.501480
Paso Robles Willow Creek District Central Coast,35.625410,-120.691290
Lalande de Pomerol  ,44.956080,-0.210370
Val de Loire  ,47.390800,0.694390
Côtes de Frontonnais  ,45.657971,5.185119
Venezia  ,45.438110,12.318150
Côtes du Roussillon Villages Caramany  ,45.580110,-0.825110
Salento  ,4.637410,-75.569510
Amarone della Valpolicella  ,45.548040,10.937060
Jurançon Sec  ,-20.491670,57.504720
Rosso Piceno  ,53.549980,9.962430
Jahant Central Valley,41.331080,-74.129980
Mount Barker  ,-35.061760,138.852940
Santa Maria Valley Central Coast,34.953526,-120.426540
Texas  ,31.462733,-99.333050
Gioia del Colle  ,40.800090,16.927970
Hames Valley Central Coast,-33.320255,151.389007
Lake County-Mendocino County Mendocino/Lake Counties,39.307620,-123.798920
Western Plains  ,33.241780,-87.626400
